{"ongoing_trials": {}, "hyperparameters": {"space": [{"class_name": "Int", "config": {"name": "layers", "default": null, "conditions": [], "min_value": 2, "max_value": 6, "step": 1, "sampling": "linear"}}, {"class_name": "Int", "config": {"name": "units_0", "default": null, "conditions": [], "min_value": 50, "max_value": 100, "step": 10, "sampling": "linear"}}, {"class_name": "Choice", "config": {"name": "act_0", "default": "relu", "conditions": [], "values": ["relu", "sigmoid"], "ordered": false}}, {"class_name": "Int", "config": {"name": "units_1", "default": null, "conditions": [], "min_value": 50, "max_value": 100, "step": 10, "sampling": "linear"}}, {"class_name": "Choice", "config": {"name": "act_1", "default": "relu", "conditions": [], "values": ["relu", "sigmoid"], "ordered": false}}, {"class_name": "Int", "config": {"name": "units_2", "default": null, "conditions": [], "min_value": 50, "max_value": 100, "step": 10, "sampling": "linear"}}, {"class_name": "Choice", "config": {"name": "act_2", "default": "relu", "conditions": [], "values": ["relu", "sigmoid"], "ordered": false}}, {"class_name": "Int", "config": {"name": "units_3", "default": null, "conditions": [], "min_value": 50, "max_value": 100, "step": 10, "sampling": "linear"}}, {"class_name": "Choice", "config": {"name": "act_3", "default": "relu", "conditions": [], "values": ["relu", "sigmoid"], "ordered": false}}, {"class_name": "Int", "config": {"name": "units_4", "default": null, "conditions": [], "min_value": 50, "max_value": 100, "step": 10, "sampling": "linear"}}, {"class_name": "Choice", "config": {"name": "act_4", "default": "relu", "conditions": [], "values": ["relu", "sigmoid"], "ordered": false}}, {"class_name": "Int", "config": {"name": "units_5", "default": null, "conditions": [], "min_value": 50, "max_value": 100, "step": 10, "sampling": "linear"}}, {"class_name": "Choice", "config": {"name": "act_5", "default": "relu", "conditions": [], "values": ["relu", "sigmoid"], "ordered": false}}], "values": {"layers": 2, "units_0": 50, "act_0": "relu", "units_1": 50, "act_1": "relu", "units_2": 50, "act_2": "relu", "units_3": 50, "act_3": "relu", "units_4": 50, "act_4": "relu", "units_5": 50, "act_5": "relu"}}, "start_order": ["0", "1", "2", "3"], "end_order": ["0", "1", "2", "3"], "run_times": {"0": 1, "1": 1, "2": 1, "3": 1}, "retry_queue": [], "seed": 751, "seed_state": 791, "tried_so_far": ["2fa65008bec89a078da0889d3c4535cb", "1a34087d05c4651692770c33e6630a72", "cfa3a567adc066de8ce07c15d0e72146", "0e3389c7521738204337d1514676ed91"], "id_to_hash": {"0": "cfa3a567adc066de8ce07c15d0e72146", "1": "0e3389c7521738204337d1514676ed91", "2": "2fa65008bec89a078da0889d3c4535cb", "3": "1a34087d05c4651692770c33e6630a72"}}