{"trial_id": "4", "hyperparameters": {"space": [{"class_name": "Int", "config": {"name": "units", "default": null, "conditions": [], "min_value": 32, "max_value": 512, "step": 128, "sampling": "linear"}}, {"class_name": "Choice", "config": {"name": "learning_rate", "default": 0.01, "conditions": [], "values": [0.01, 0.001, 0.0001], "ordered": true}}], "values": {"units": 416, "learning_rate": 0.01}}, "metrics": {"metrics": {"loss": {"direction": "min", "observations": [{"value": [0.0], "step": 0}]}, "accuracy": {"direction": "max", "observations": [{"value": [0.7394370436668396], "step": 0}]}, "val_loss": {"direction": "min", "observations": [{"value": [0.0], "step": 0}]}, "val_accuracy": {"direction": "max", "observations": [{"value": [0.7100213170051575], "step": 0}]}}}, "score": 0.7100213170051575, "best_step": 0, "status": "COMPLETED", "message": null}