{"ongoing_trials": {}, "hyperparameters": {"space": [{"class_name": "Int", "config": {"name": "units", "default": null, "conditions": [], "min_value": 32, "max_value": 512, "step": 128, "sampling": "linear"}}, {"class_name": "Choice", "config": {"name": "learning_rate", "default": 0.01, "conditions": [], "values": [0.01, 0.001, 0.0001], "ordered": true}}], "values": {"units": 32, "learning_rate": 0.01}}, "start_order": ["0", "1", "2", "3", "4"], "end_order": ["0", "1", "2", "3", "4"], "run_times": {"0": 1, "1": 1, "2": 1, "3": 1, "4": 1}, "retry_queue": [], "seed": 3589, "seed_state": 3601, "tried_so_far": ["af04f25b50907a109fe44deb1e9c41dc", "cf2524f9bec659c3e0910c4ec8bfba36", "b3e0a296aac7b81d6a15d8ea8816b7cc", "bb03016cae5851043d9c0c61e61b4c03", "7aa14d0582e4ffd7a359733b5e432d8a"], "id_to_hash": {"0": "af04f25b50907a109fe44deb1e9c41dc", "1": "7aa14d0582e4ffd7a359733b5e432d8a", "2": "b3e0a296aac7b81d6a15d8ea8816b7cc", "3": "cf2524f9bec659c3e0910c4ec8bfba36", "4": "bb03016cae5851043d9c0c61e61b4c03"}}