{"trial_id": "3", "hyperparameters": {"space": [{"class_name": "Int", "config": {"name": "layers", "default": null, "conditions": [], "min_value": 2, "max_value": 6, "step": 1, "sampling": "linear"}}, {"class_name": "Int", "config": {"name": "units_0", "default": null, "conditions": [], "min_value": 50, "max_value": 100, "step": 10, "sampling": "linear"}}, {"class_name": "Choice", "config": {"name": "act_0", "default": "relu", "conditions": [], "values": ["relu", "sigmoid"], "ordered": false}}, {"class_name": "Int", "config": {"name": "units_1", "default": null, "conditions": [], "min_value": 50, "max_value": 100, "step": 10, "sampling": "linear"}}, {"class_name": "Choice", "config": {"name": "act_1", "default": "relu", "conditions": [], "values": ["relu", "sigmoid"], "ordered": false}}, {"class_name": "Int", "config": {"name": "units_2", "default": null, "conditions": [], "min_value": 50, "max_value": 100, "step": 10, "sampling": "linear"}}, {"class_name": "Choice", "config": {"name": "act_2", "default": "relu", "conditions": [], "values": ["relu", "sigmoid"], "ordered": false}}, {"class_name": "Int", "config": {"name": "units_3", "default": null, "conditions": [], "min_value": 50, "max_value": 100, "step": 10, "sampling": "linear"}}, {"class_name": "Choice", "config": {"name": "act_3", "default": "relu", "conditions": [], "values": ["relu", "sigmoid"], "ordered": false}}, {"class_name": "Int", "config": {"name": "units_4", "default": null, "conditions": [], "min_value": 50, "max_value": 100, "step": 10, "sampling": "linear"}}, {"class_name": "Choice", "config": {"name": "act_4", "default": "relu", "conditions": [], "values": ["relu", "sigmoid"], "ordered": false}}, {"class_name": "Int", "config": {"name": "units_5", "default": null, "conditions": [], "min_value": 50, "max_value": 100, "step": 10, "sampling": "linear"}}, {"class_name": "Choice", "config": {"name": "act_5", "default": "relu", "conditions": [], "values": ["relu", "sigmoid"], "ordered": false}}], "values": {"layers": 2, "units_0": 80, "act_0": "relu", "units_1": 60, "act_1": "sigmoid", "units_2": 80, "act_2": "relu", "units_3": 80, "act_3": "sigmoid", "units_4": 60, "act_4": "sigmoid", "units_5": 70, "act_5": "sigmoid"}}, "metrics": {"metrics": {"loss": {"direction": "min", "observations": [{"value": [0.05838078260421753], "step": 4}]}, "accuracy": {"direction": "max", "observations": [{"value": [0.9829333424568176], "step": 4}]}, "val_loss": {"direction": "min", "observations": [{"value": [0.08214938640594482], "step": 4}]}, "val_accuracy": {"direction": "max", "observations": [{"value": [0.9750000238418579], "step": 4}]}}}, "score": 0.9750000238418579, "best_step": 4, "status": "COMPLETED", "message": null}