{"ongoing_trials": {}, "hyperparameters": {"space": [{"class_name": "Int", "config": {"name": "units", "default": null, "conditions": [], "min_value": 32, "max_value": 512, "step": 128, "sampling": "linear"}}, {"class_name": "Choice", "config": {"name": "learning_rate", "default": 0.01, "conditions": [], "values": [0.01, 0.001, 0.0001], "ordered": true}}], "values": {"units": 32, "learning_rate": 0.01}}, "start_order": ["0", "1", "2", "3", "4"], "end_order": ["0", "1", "2", "3", "4"], "run_times": {"0": 1, "1": 1, "2": 1, "3": 1, "4": 1}, "retry_queue": [], "seed": 2072, "seed_state": 2086, "tried_so_far": ["af04f25b50907a109fe44deb1e9c41dc", "1e2bd401d771821dfe2ea50f2c7e8d08", "e7cacff18087763d1b4a58010aa2e4d1", "34cb91bae89bf068d5edb9edc2557b14", "7aa14d0582e4ffd7a359733b5e432d8a"], "id_to_hash": {"0": "e7cacff18087763d1b4a58010aa2e4d1", "1": "7aa14d0582e4ffd7a359733b5e432d8a", "2": "1e2bd401d771821dfe2ea50f2c7e8d08", "3": "34cb91bae89bf068d5edb9edc2557b14", "4": "af04f25b50907a109fe44deb1e9c41dc"}}